case_id,company,mechanism,split,evaluation_contract,cutoff,target,horizon,metric,unit,actual,pred,low,high,point_evaluable,confidence,regime,human_required,source_version,hit,margin_error_pp,signed_margin_pp,error,signed_error,interval_score,cutoff_bucket
AMD@FY2017,AMD,compute-platforms,calibration,point-and-interval,2018-02-27,FY2018,1,profit,USD bn,0.451,0.42,0.22799999999999998,0.612,True,80%,product-ramp,True,v75,True,0.402750965250967,-0.402750965250967,,,0.05930501930501931,2018-2020
AMD@FY2017,AMD,compute-platforms,calibration,point-and-interval,2018-02-27,FY2018,1,revenue,USD bn,6.475,6.4,5.888000000000001,6.912000000000001,True,80%,product-ramp,True,v75,True,,,0.011583011583011473,-0.011583011583011473,0.15814671814671816,2018-2020
AMD@FY2017,AMD,compute-platforms,calibration,point-and-interval,2018-02-27,FY2019,2,profit,USD bn,0.631,0.6,0.25499999999999995,0.9450000000000001,True,80%,product-ramp,True,v75,True,0.6788835562904925,-0.6788835562904925,,,0.102510771059278,2018-2020
AMD@FY2017,AMD,compute-platforms,calibration,point-and-interval,2018-02-27,FY2019,2,revenue,USD bn,6.731,6.9,5.934,7.866000000000001,True,80%,product-ramp,True,v75,True,,,0.025107710592779747,0.025107710592779747,0.2870301589659785,2018-2020
AMD@FY2017,AMD,compute-platforms,calibration,point-and-interval,2018-02-27,FY2020,3,profit,USD bn,1.369,1.0,0.32799999999999996,1.6720000000000002,True,80%,product-ramp,True,v75,True,2.1175672973276187,-2.1175672973276187,,,0.1376626037078767,2018-2020
AMD@FY2017,AMD,compute-platforms,calibration,point-and-interval,2018-02-27,FY2020,3,revenue,USD bn,9.763,8.4,6.5520000000000005,10.248,True,80%,product-ramp,True,v75,True,,,0.13960872682577072,-0.13960872682577072,0.37857216019666073,2018-2020
AMD@FY2019,AMD,compute-platforms,holdout,point-and-interval-with-perimeter-tail,2020-02-04,FY2020,1,profit,USD bn,1.369,1.05,0.694,1.4060000000000001,True,80%,platform-ramp-perimeter,True,v75,True,2.2245763931007594,-2.2245763931007594,,,0.07292840315476802,2018-2020
AMD@FY2019,AMD,compute-platforms,holdout,point-and-interval-with-perimeter-tail,2020-02-04,FY2020,1,revenue,USD bn,9.763,8.9,8.01,9.790000000000001,True,80%,platform-ramp-perimeter,True,v75,True,,,0.08839496056539993,-0.08839496056539993,0.18232100788692013,2018-2020
AMD@FY2019,AMD,compute-platforms,holdout,point-and-interval-with-perimeter-tail,2020-02-04,FY2021,2,profit,USD bn,3.648,3.0,1.864,4.136,True,80%,platform-ramp-perimeter,True,v75,True,1.0711218754660106,-1.0711218754660106,,,0.13824996957527078,2018-2020
AMD@FY2019,AMD,compute-platforms,holdout,point-and-interval-with-perimeter-tail,2020-02-04,FY2021,2,revenue,USD bn,16.434,14.2,11.644,16.755999999999997,True,80%,platform-ramp-perimeter,True,v75,True,,,0.13593769015455773,-0.13593769015455773,0.31106243154435903,2018-2020
AMD@FY2020,AMD,compute-platform-segments-ma,holdout,point-and-interval,FY2020,FY2021,1,profit,USD bn,3.648,3.4,2.44,4.359999999999999,True,80%,compute-platform-segments-ma,False,v6,True,0.9478824388462953,-0.9478824388462953,,,0.11683096020445415,2018-2020
AMD@FY2020,AMD,compute-platform-segments-ma,holdout,point-and-interval,FY2020,FY2021,1,revenue,USD bn,16.434,16.0,14.08,17.92,True,80%,compute-platform-segments-ma,False,v6,True,,,0.026408664962881894,-0.026408664962881894,0.23366192040890846,2018-2020
AMD@FY2020,AMD,compute-platform-segments-ma,holdout,point-and-interval,FY2020,FY2022,2,profit,USD bn,1.264,1.4,-1.3599999999999999,4.16,True,80%,compute-platform-segments-ma,False,v6,True,0.7312512550131434,0.7312512550131434,,,0.23388839455955254,2018-2020
AMD@FY2020,AMD,compute-platform-segments-ma,holdout,point-and-interval,FY2020,FY2022,2,revenue,USD bn,23.601,23.0,17.25,28.75,True,80%,compute-platform-segments-ma,False,v6,True,,,0.025465022668530957,-0.025465022668530957,0.4872674886657345,2018-2020
AMD@FY2020,AMD,compute-platform-segments-ma,holdout,point-and-interval,FY2020,FY2023,3,profit,USD bn,0.401,0.6,-3.36,4.56,True,80%,compute-platform-segments-ma,False,v6,True,0.9591951258617923,0.9591951258617923,,,0.3492063492063492,2018-2020
AMD@FY2020,AMD,compute-platform-segments-ma,holdout,point-and-interval,FY2020,FY2023,3,revenue,USD bn,22.68,22.0,14.3,29.700000000000003,True,80%,compute-platform-segments-ma,False,v6,True,,,0.029982363315696637,-0.029982363315696637,0.6790123456790125,2018-2020
AMD@FY2021,AMD,compute-platforms,holdout,point-and-interval-with-public-acquisition,2022-02-03,FY2022,1,profit,USD bn,1.264,1.8,0.88,2.72,True,80%,acquisition-accounting-normalization,True,v75,True,2.470381689795753,2.470381689795753,,,0.07796279818651754,2021+
AMD@FY2021,AMD,compute-platforms,holdout,point-and-interval-with-public-acquisition,2022-02-03,FY2022,1,revenue,USD bn,23.601,23.0,21.16,24.840000000000003,True,80%,acquisition-accounting-normalization,True,v75,True,,,0.025465022668530957,-0.025465022668530957,0.15592559637303519,2021+
AMD@FY2021,AMD,compute-platforms,holdout,point-and-interval-with-public-acquisition,2022-02-03,FY2023,2,profit,USD bn,0.401,0.6,-0.9400000000000001,2.14,True,80%,acquisition-accounting-normalization,True,v75,True,0.9591951258617923,0.9591951258617923,,,0.13580246913580246,2021+
AMD@FY2021,AMD,compute-platforms,holdout,point-and-interval-with-public-acquisition,2022-02-03,FY2023,2,revenue,USD bn,22.68,22.0,19.14,24.86,True,80%,acquisition-accounting-normalization,True,v75,True,,,0.029982363315696637,-0.029982363315696637,0.2522045855379188,2021+
AMD@FY2021,AMD,compute-platforms,holdout,point-and-interval-with-public-acquisition,2022-02-03,FY2024,3,profit,USD bn,1.9,1.6,-0.8999999999999999,4.1,True,80%,acquisition-accounting-normalization,True,v75,True,0.9686251696722894,-0.9686251696722894,,,0.19391118867558657,2021+
AMD@FY2021,AMD,compute-platforms,holdout,point-and-interval-with-public-acquisition,2022-02-03,FY2024,3,revenue,USD bn,25.785,25.0,20.5,29.5,True,80%,acquisition-accounting-normalization,True,v75,True,,,0.0304440566220671,-0.0304440566220671,0.34904013961605584,2021+
AWS@FY2016,Amazon AWS,platform-usage-adoption,calibration,point-and-interval,FY2016,FY2017,1,profit,USD bn,4.331,4.3,3.8699999999999997,4.7299999999999995,True,80%,cloud-platform,False,v71,True,0.19331004066670265,0.19331004066670265,,,0.04925826221433071,<=2017
AWS@FY2016,Amazon AWS,platform-usage-adoption,calibration,point-and-interval,FY2016,FY2017,1,revenue,USD bn,17.459,17.2,15.824,18.576,True,80%,cloud-platform,False,v71,True,,,0.014834755713385666,-0.014834755713385666,0.15762643908585833,<=2017
AWS@FY2016,Amazon AWS,platform-usage-adoption,calibration,point-and-interval,FY2016,FY2018,2,profit,USD bn,7.296,6.916,5.928000000000001,7.904,True,80%,cloud-platform,False,v71,True,0.43890079906450663,-0.43890079906450663,,,0.07702202299746634,<=2017
AWS@FY2016,Amazon AWS,platform-usage-adoption,calibration,point-and-interval,FY2016,FY2018,2,revenue,USD bn,25.655,24.7,21.736,27.664,True,80%,cloud-platform,False,v71,True,,,0.03722471253167031,-0.03722471253167031,0.23106606899239918,<=2017
AWS@FY2016,Amazon AWS,platform-usage-adoption,calibration,point-and-interval,FY2016,FY2019,3,profit,USD bn,9.201,9.063,7.182,10.944,True,80%,cloud-platform,False,v71,True,0.2309427282590093,0.2309427282590093,,,0.1074059270256381,<=2017
AWS@FY2016,Amazon AWS,platform-usage-adoption,calibration,point-and-interval,FY2016,FY2019,3,revenue,USD bn,35.026,34.2,28.044000000000004,40.356,True,80%,cloud-platform,False,v71,True,,,0.023582481585108218,-0.023582481585108218,0.35151030662936095,<=2017
AWS@FY2018,Amazon AWS,platform-usage-adoption,calibration,point-and-interval,FY2018,FY2019,1,profit,USD bn,9.201,9.328,8.447999999999999,10.208,True,80%,cloud-platform,False,v71,True,0.23094272825900375,0.23094272825900375,,,0.05024838691257927,2018-2020
AWS@FY2018,Amazon AWS,platform-usage-adoption,calibration,point-and-interval,FY2018,FY2019,1,revenue,USD bn,35.026,35.2,32.38400000000001,38.016000000000005,True,80%,cloud-platform,False,v71,True,,,0.0049677382515845225,0.0049677382515845225,0.16079483812025344,2018-2020
AWS@FY2018,Amazon AWS,platform-usage-adoption,calibration,point-and-interval,FY2018,FY2020,2,profit,USD bn,13.531,13.4225,11.6025,15.2425,True,80%,cloud-platform,False,v71,True,0.32367202997575784,-0.32367202997575784,,,0.08022922636103154,2018-2020
AWS@FY2018,Amazon AWS,platform-usage-adoption,calibration,point-and-interval,FY2018,FY2020,2,revenue,USD bn,45.37,45.5,40.04,50.96000000000001,True,80%,cloud-platform,False,v71,True,,,0.0028653295128940395,0.0028653295128940395,0.24068767908309477,2018-2020
AWS@FY2018,Amazon AWS,platform-usage-adoption,calibration,point-and-interval,FY2018,FY2021,3,profit,USD bn,18.532,17.995,14.64,21.35,True,80%,cloud-platform,False,v71,True,0.29325423619818713,-0.29325423619818713,,,0.10787434487637056,2018-2020
AWS@FY2018,Amazon AWS,platform-usage-adoption,calibration,point-and-interval,FY2018,FY2021,3,revenue,USD bn,62.202,61.0,50.02,71.97999999999999,True,80%,cloud-platform,False,v71,True,,,0.019324137487540565,-0.019324137487540565,0.3530433105044852,2018-2020
AWS@FY2020,Amazon AWS,platform-usage-adoption,holdout,point-and-interval,FY2020,FY2021,1,profit,USD bn,18.532,18.1425,16.912499999999998,19.3725,True,80%,cloud-platform,True,v71,True,0.2932542361981927,-0.2932542361981927,,,0.03954856757017461,2018-2020
AWS@FY2020,Amazon AWS,platform-usage-adoption,holdout,point-and-interval,FY2020,FY2021,1,revenue,USD bn,62.202,61.5,56.580000000000005,66.42,True,80%,cloud-platform,True,v71,True,,,0.01128581074563516,-0.01128581074563516,0.15819427028069832,2018-2020
AWS@FY2020,Amazon AWS,platform-usage-adoption,holdout,point-and-interval,FY2020,FY2022,2,profit,USD bn,22.841,22.515,20.145,24.885,True,80%,cloud-platform,True,v71,True,0.017029564522569318,-0.017029564522569318,,,0.05917898521773873,2018-2020
AWS@FY2020,Amazon AWS,platform-usage-adoption,holdout,point-and-interval,FY2020,FY2022,2,revenue,USD bn,80.096,79.0,69.52,88.48,True,80%,cloud-platform,True,v71,True,,,0.013683579704354819,-0.013683579704354819,0.23671594087095493,2018-2020
AWS@FY2020,Amazon AWS,platform-usage-adoption,holdout,point-and-interval,FY2020,FY2023,3,profit,USD bn,24.631,24.57,20.93,28.21,True,80%,cloud-platform,True,v71,True,0.13950439084588484,-0.13950439084588484,,,0.080214198353846,2018-2020
AWS@FY2020,Amazon AWS,platform-usage-adoption,holdout,point-and-interval,FY2020,FY2023,3,revenue,USD bn,90.757,91.0,74.62,107.38,True,80%,cloud-platform,True,v71,True,,,0.002677479423074749,0.002677479423074749,0.3609638925923068,2018-2020
AWS@FY2022,Amazon AWS,platform-usage-adoption,holdout,point-and-interval-with-regime-tail,FY2022,FY2023,1,profit,USD bn,24.631,24.57,21.84,27.3,True,80%,cloud-platform,True,v71,True,0.13950439084588484,-0.13950439084588484,,,0.060160648765384496,2021+
AWS@FY2022,Amazon AWS,platform-usage-adoption,holdout,point-and-interval-with-regime-tail,FY2022,FY2023,1,revenue,USD bn,90.757,91.0,83.72,98.28,True,80%,cloud-platform,True,v71,True,,,0.002677479423074749,0.002677479423074749,0.160428396707692,2021+
AWS@FY2022,Amazon AWS,platform-usage-adoption,holdout,point-and-interval-with-regime-tail,FY2022,FY2024,2,profit,USD bn,39.834,33.28,26.0,40.56,True,90%,cloud-platform,True,v71,True,5.035590762021647,-5.035590762021647,,,0.13537134144073787,2021+
AWS@FY2022,Amazon AWS,platform-usage-adoption,holdout,point-and-interval-with-regime-tail,FY2022,FY2024,2,revenue,USD bn,107.556,104.0,85.28,122.72,True,90%,cloud-platform,True,v71,True,,,0.03306184685187249,-0.03306184685187249,0.34809773513332587,2021+
AWS@FY2022,Amazon AWS,platform-usage-adoption,holdout,point-and-interval-with-regime-tail,FY2022,FY2025,3,profit,USD bn,45.606,40.46,30.94,49.980000000000004,True,90%,cloud-platform,True,v71,True,1.429015342785006,-1.429015342785006,,,0.14791221596426493,2021+
AWS@FY2022,Amazon AWS,platform-usage-adoption,holdout,point-and-interval-with-regime-tail,FY2022,FY2025,3,revenue,USD bn,128.725,119.0,83.3,154.70000000000002,True,90%,cloud-platform,True,v71,True,,,0.0755486502233443,-0.0755486502233443,0.5546708098659936,2021+
AMKR@FY2020,Amkor Technology,osat-advanced-packaging-utilization,holdout,point-and-interval,FY2020,FY2021,1,profit,USD bn,0.763433,0.72,0.48,0.96,True,80%,osat-advanced-packaging-utilization,False,v6,True,0.4371469825094107,-0.4371469825094107,,,0.07819717711448833,2018-2020
AMKR@FY2020,Amkor Technology,osat-advanced-packaging-utilization,holdout,point-and-interval,FY2020,FY2021,1,revenue,USD bn,6.138329,6.0,5.4,6.6000000000000005,True,80%,osat-advanced-packaging-utilization,False,v6,True,,,0.0225352860688959,-0.0225352860688959,0.19549294278622084,2018-2020
AMKR@FY2020,Amkor Technology,osat-advanced-packaging-utilization,holdout,point-and-interval,FY2020,FY2022,2,profit,USD bn,0.897186,0.88,0.31999999999999995,1.44,True,80%,osat-advanced-packaging-utilization,False,v6,True,0.07998856592506542,-0.07998856592506542,,,0.15793366363090905,2018-2020
AMKR@FY2020,Amkor Technology,osat-advanced-packaging-utilization,holdout,point-and-interval,FY2020,FY2022,2,revenue,USD bn,7.091585,7.0,5.6000000000000005,8.4,True,80%,osat-advanced-packaging-utilization,False,v6,True,,,0.01291460230681861,-0.01291460230681861,0.39483415907727254,2018-2020
AMKR@FY2020,Amkor Technology,osat-advanced-packaging-utilization,holdout,point-and-interval,FY2020,FY2023,3,profit,USD bn,0.470287,0.55,-0.24199999999999988,1.342,True,80%,osat-advanced-packaging-utilization,False,v6,True,1.1015587777968294,1.1015587777968294,,,0.24357745155553573,2018-2020
AMKR@FY2020,Amkor Technology,osat-advanced-packaging-utilization,holdout,point-and-interval,FY2020,FY2023,3,revenue,USD bn,6.503065,6.6,4.752,8.448,True,80%,osat-advanced-packaging-utilization,False,v6,True,,,0.014906048148065463,0.014906048148065463,0.5683473869629168,2018-2020
AMAT@FY2019,Applied Materials,diversified-wafer-fab-equipment,calibration,point-and-interval,FY2019,FY2020,1,profit,USD bn,4.365,4.25,3.57,4.93,True,80%,diversified-wafer-fab-equipment,False,v6,True,0.3749564004185524,-0.3749564004185524,,,0.07906057435181954,2018-2020
AMAT@FY2019,Applied Materials,diversified-wafer-fab-equipment,calibration,point-and-interval,FY2019,FY2020,1,revenue,USD bn,17.202,17.0,15.3,18.700000000000003,True,80%,diversified-wafer-fab-equipment,False,v6,True,,,0.011742820602255651,-0.011742820602255651,0.197651435879549,2018-2020
AMAT@FY2019,Applied Materials,diversified-wafer-fab-equipment,calibration,point-and-interval,FY2019,FY2021,2,profit,USD bn,6.889,6.2,4.695,7.705,True,80%,diversified-wafer-fab-equipment,False,v6,True,1.0331458119266834,-1.0331458119266834,,,0.13051207561895678,2018-2020
AMAT@FY2019,Applied Materials,diversified-wafer-fab-equipment,calibration,point-and-interval,FY2019,FY2021,2,revenue,USD bn,23.063,21.5,17.630000000000003,25.369999999999997,True,80%,diversified-wafer-fab-equipment,False,v6,True,,,0.06777088843602302,-0.06777088843602302,0.3356024801630315,2018-2020
AMAT@FY2019,Applied Materials,diversified-wafer-fab-equipment,calibration,point-and-interval,FY2019,FY2022,3,profit,USD bn,7.788,7.1,4.6499999999999995,9.55,True,80%,diversified-wafer-fab-equipment,False,v6,True,1.2240149113746768,-1.2240149113746768,,,0.19003296490207489,2018-2020
AMAT@FY2019,Applied Materials,diversified-wafer-fab-equipment,calibration,point-and-interval,FY2019,FY2022,3,revenue,USD bn,25.785,24.5,18.375,30.625,True,80%,diversified-wafer-fab-equipment,False,v6,True,,,0.04983517548962576,-0.04983517548962576,0.4750824122551871,2018-2020
ANET@FY2020,Arista Networks,networking-customer-concentration,holdout,point-and-interval,FY2020,FY2021,1,profit,USD bn,0.840854,0.82,0.704,0.9359999999999999,True,80%,networking-customer-concentration,False,v6,True,0.24664290637909647,-0.24664290637909647,,,0.07869643427134734,2018-2020
ANET@FY2020,Arista Networks,networking-customer-concentration,holdout,point-and-interval,FY2020,FY2021,1,revenue,USD bn,2.948037,2.9,2.552,3.248,True,80%,networking-customer-concentration,False,v6,True,,,0.016294571608158205,-0.016294571608158205,0.23608930281404208,2018-2020
ANET@FY2020,Arista Networks,networking-customer-concentration,holdout,point-and-interval,FY2020,FY2022,2,profit,USD bn,1.352446,1.25,0.922,1.5779999999999998,True,80%,networking-customer-concentration,False,v6,True,0.3807253104108288,-0.3807253104108288,,,0.14972690816217063,2018-2020
ANET@FY2020,Arista Networks,networking-customer-concentration,holdout,point-and-interval,FY2020,FY2022,2,revenue,USD bn,4.38131,4.1,3.198,5.002,True,80%,networking-customer-concentration,False,v6,True,,,0.06420682398643338,-0.06420682398643338,0.4117489974459693,2018-2020
ANET@FY2020,Arista Networks,networking-customer-concentration,holdout,point-and-interval,FY2020,FY2023,3,profit,USD bn,2.087321,1.8,1.1640000000000001,2.436,True,80%,networking-customer-concentration,False,v6,True,1.6565269826896323,-1.6565269826896323,,,0.2170586235752968,2018-2020
ANET@FY2020,Arista Networks,networking-customer-concentration,holdout,point-and-interval,FY2020,FY2023,3,revenue,USD bn,5.860168,5.3,3.7099999999999995,6.89,True,80%,networking-customer-concentration,False,v6,True,,,0.09558906843626326,-0.09558906843626326,0.5426465589382421,2018-2020
AVGO@FY2019,Broadcom,hybrid-semiconductor-software-ma,calibration,point-and-interval,FY2019,FY2020,1,profit,USD bn,2.663,2.8,1.3599999999999999,4.24,True,80%,hybrid-semiconductor-software-ma,False,v6,True,0.518810002232642,0.518810002232642,,,0.12056262558606833,2018-2020
AVGO@FY2019,Broadcom,hybrid-semiconductor-software-ma,calibration,point-and-interval,FY2019,FY2020,1,revenue,USD bn,23.888,24.0,21.12,26.880000000000003,True,80%,hybrid-semiconductor-software-ma,False,v6,True,,,0.004688546550569253,0.004688546550569253,0.24112525117213668,2018-2020
AVGO@FY2019,Broadcom,hybrid-semiconductor-software-ma,calibration,point-and-interval,FY2019,FY2021,2,profit,USD bn,6.437,5.8,2.56,9.04,True,80%,hybrid-semiconductor-software-ma,False,v6,True,1.9684274438372813,-1.9684274438372813,,,0.23606557377049175,2018-2020
AVGO@FY2019,Broadcom,hybrid-semiconductor-software-ma,calibration,point-and-interval,FY2019,FY2021,2,revenue,USD bn,27.45,27.0,20.25,33.75,True,80%,hybrid-semiconductor-software-ma,False,v6,True,,,0.016393442622950793,-0.016393442622950793,0.4918032786885246,2018-2020
AVGO@FY2019,Broadcom,hybrid-semiconductor-software-ma,calibration,point-and-interval,FY2019,FY2022,3,profit,USD bn,11.223,9.5,3.92,15.08,True,80%,hybrid-semiconductor-software-ma,False,v6,True,3.156001255230528,-3.156001255230528,,,0.3361142065476011,2018-2020
AVGO@FY2019,Broadcom,hybrid-semiconductor-software-ma,calibration,point-and-interval,FY2019,FY2022,3,revenue,USD bn,33.203,31.0,20.150000000000002,41.85,True,80%,hybrid-semiconductor-software-ma,False,v6,True,,,0.06634942625666364,-0.06634942625666364,0.6535554016203354,2018-2020
ENTG@FY2021,Entegris,semiconductor-materials-content-ma,holdout,point-and-interval,FY2021,FY2022,1,profit,USD bn,0.479981,0.48,0.28200000000000003,0.6779999999999999,True,80%,semiconductor-materials-content-ma,False,v6,True,0.07904801134485384,-0.07904801134485384,,,0.12065692209676133,2021+
ENTG@FY2021,Entegris,semiconductor-materials-content-ma,holdout,point-and-interval,FY2021,FY2022,1,revenue,USD bn,3.282033,3.3,2.904,3.696,True,80%,semiconductor-materials-content-ma,False,v6,True,,,0.00547435080634461,0.00547435080634461,0.2413138441935228,2021+
ENTG@FY2021,Entegris,semiconductor-materials-content-ma,holdout,point-and-interval,FY2021,FY2023,2,profit,USD bn,0.499158,0.5,0.068,0.9319999999999999,True,80%,semiconductor-materials-content-ma,False,v6,True,0.2759375007685555,-0.2759375007685555,,,0.24518108496035385,2021+
ENTG@FY2021,Entegris,semiconductor-materials-content-ma,holdout,point-and-interval,FY2021,FY2023,2,revenue,USD bn,3.523926,3.6,2.7,4.5,True,80%,semiconductor-materials-content-ma,False,v6,True,,,0.02158785400147455,0.02158785400147455,0.5107939270007372,2021+
ENTG@FY2021,Entegris,semiconductor-materials-content-ma,holdout,point-and-interval,FY2021,FY2024,3,profit,USD bn,0.533922,0.52,-0.07399999999999995,1.1139999999999999,True,80%,semiconductor-materials-content-ma,False,v6,True,0.7153565565490988,-0.7153565565490988,,,0.36653000979881567,2021+
ENTG@FY2021,Entegris,semiconductor-materials-content-ma,holdout,point-and-interval,FY2021,FY2024,3,revenue,USD bn,3.241208,3.3,2.145,4.455,True,80%,semiconductor-materials-content-ma,False,v6,True,,,0.018138916107821514,0.018138916107821514,0.7126972412754751,2021+
COHR@FY2021,II-VI / Coherent,optics-materials-ma-integration,calibration,point-and-interval,FY2021,FY2022,1,profit,USD bn,0.234759,0.22,0.02200000000000002,0.418,True,80%,optics-materials-ma-integration,False,v6,True,0.4116022676929343,-0.4116022676929343,,,0.11939880890642751,2021+
COHR@FY2021,II-VI / Coherent,optics-materials-ma-integration,calibration,point-and-interval,FY2021,FY2022,1,revenue,USD bn,3.316616,3.3,2.904,3.696,True,80%,optics-materials-ma-integration,False,v6,True,,,0.005009925779770695,-0.005009925779770695,0.23879761781285513,2021+
COHR@FY2021,II-VI / Coherent,optics-materials-ma-integration,calibration,point-and-interval,FY2021,FY2023,2,profit,USD bn,-0.259458,-0.2,-0.8,0.39999999999999997,True,80%,optics-materials-ma-integration,False,v6,True,1.0281583690238565,1.0281583690238565,,,0.23255363268153717,2021+
COHR@FY2021,II-VI / Coherent,optics-materials-ma-integration,calibration,point-and-interval,FY2021,FY2023,2,revenue,USD bn,5.1601,5.0,3.75,6.25,True,80%,optics-materials-ma-integration,False,v6,True,,,0.031026530493595068,-0.031026530493595068,0.4844867347532025,2021+
COHR@FY2021,II-VI / Coherent,optics-materials-ma-integration,calibration,point-and-interval,FY2021,FY2024,3,profit,USD bn,-0.156154,-0.1,-0.964,0.764,True,80%,optics-materials-ma-integration,False,v6,True,1.2336664338559955,1.2336664338559955,,,0.367059159400538,2021+
COHR@FY2021,II-VI / Coherent,optics-materials-ma-integration,calibration,point-and-interval,FY2021,FY2024,3,revenue,USD bn,4.707688,4.8,3.12,6.48,True,80%,optics-materials-ma-integration,False,v6,True,,,0.019608776112605534,0.019608776112605534,0.713726143278824,2021+
INTC@FY2017,Intel,integrated-device-manufacturing,calibration,point-and-interval,2018-01-25,FY2018,1,profit,USD bn,23.316,22.5,20.415,24.585,True,80%,data-centric-expansion,True,v75,True,0.5357908794915267,-0.5357908794915267,,,0.058858401084010865,2018-2020
INTC@FY2017,Intel,integrated-device-manufacturing,calibration,point-and-interval,2018-01-25,FY2018,1,revenue,USD bn,70.848,69.5,64.63499999999999,74.36500000000001,True,80%,data-centric-expansion,True,v75,True,,,0.019026648599819316,-0.019026648599819316,0.13733626919602554,2018-2020
INTC@FY2017,Intel,integrated-device-manufacturing,calibration,point-and-interval,2018-01-25,FY2019,2,profit,USD bn,22.035,22.2,18.599999999999998,25.8,True,80%,data-centric-expansion,True,v75,True,0.2142824057991155,0.2142824057991155,,,0.10004863475300496,2018-2020
INTC@FY2017,Intel,integrated-device-manufacturing,calibration,point-and-interval,2018-01-25,FY2019,2,revenue,USD bn,71.965,72.0,63.36,80.64000000000001,True,80%,data-centric-expansion,True,v75,True,,,0.0004863475300492821,0.0004863475300492821,0.24011672340721205,2018-2020
INTC@FY2017,Intel,integrated-device-manufacturing,calibration,point-and-interval,2018-01-25,FY2020,3,profit,USD bn,23.678,22.8,17.48,28.12,True,80%,data-centric-expansion,True,v75,True,0.40826023861199046,-0.40826023861199046,,,0.13664325067101596,2018-2020
INTC@FY2017,Intel,integrated-device-manufacturing,calibration,point-and-interval,2018-01-25,FY2020,3,revenue,USD bn,77.867,76.0,62.32000000000001,89.67999999999999,True,80%,data-centric-expansion,True,v75,True,,,0.023976780921314604,-0.023976780921314604,0.35136835886832657,2018-2020
INTC@FY2019,Intel,integrated-device-manufacturing,holdout,point-and-interval-with-process-tail,2020-01-23,FY2020,1,profit,USD bn,23.678,23.0,20.705,25.295,True,80%,process-cadence-tail,True,v75,True,0.3429007614878077,-0.3429007614878077,,,0.0589466654680417,2018-2020
INTC@FY2019,Intel,integrated-device-manufacturing,holdout,point-and-interval-with-process-tail,2020-01-23,FY2020,1,revenue,USD bn,77.867,76.5,71.145,81.855,True,80%,process-cadence-tail,True,v75,True,,,0.017555575532639044,-0.017555575532639044,0.13754221942543063,2018-2020
INTC@FY2019,Intel,integrated-device-manufacturing,holdout,point-and-interval-with-process-tail,2020-01-23,FY2021,2,profit,USD bn,19.456,20.0,16.1,23.9,True,80%,process-cadence-tail,True,v75,True,1.0206571453787476,1.0206571453787476,,,0.09870419113180802,2018-2020
INTC@FY2019,Intel,integrated-device-manufacturing,holdout,point-and-interval-with-process-tail,2020-01-23,FY2021,2,revenue,USD bn,79.024,78.0,68.64,87.36000000000001,True,80%,process-cadence-tail,True,v75,True,,,0.012958088681919428,-0.012958088681919428,0.2368900587163395,2018-2020
INTC@FY2021,Intel,integrated-device-manufacturing,holdout,point-and-interval-with-idm-transition-tail,2022-01-27,FY2022,1,profit,USD bn,2.334,4.0,0.6999999999999997,7.300000000000001,True,80%,idm-transition-and-impairment-tail,True,v75,True,2.359016946513378,2.359016946513378,,,0.10467218574555145,2021+
INTC@FY2021,Intel,integrated-device-manufacturing,holdout,point-and-interval-with-idm-transition-tail,2022-01-27,FY2022,1,revenue,USD bn,63.054,66.0,60.06,71.94000000000001,True,80%,idm-transition-and-impairment-tail,True,v75,True,,,0.046721857455514285,0.046721857455514285,0.1884099343419927,2021+
INTC@FY2021,Intel,integrated-device-manufacturing,holdout,point-and-interval-with-idm-transition-tail,2022-01-27,FY2023,2,profit,USD bn,0.093,1.0,-3.4800000000000004,5.48,True,80%,idm-transition-and-impairment-tail,True,v75,True,1.6142161666613979,1.6142161666613979,,,0.16522829534557795,2021+
INTC@FY2021,Intel,integrated-device-manufacturing,holdout,point-and-interval-with-idm-transition-tail,2022-01-27,FY2023,2,revenue,USD bn,54.228,56.0,47.6,64.39999999999999,True,80%,idm-transition-and-impairment-tail,True,v75,True,,,0.032676845909862036,0.032676845909862036,0.3098030537729584,2021+
KLA@FY2019,KLA,process-control-content-intensity,calibration,point-and-interval,FY2019,FY2020,1,profit,USD bn,1.216785,1.25,1.022,1.478,True,80%,process-control-content-intensity,False,v6,True,0.9739832380692148,0.9739832380692148,,,0.07853370680473902,2018-2020
KLA@FY2019,KLA,process-control-content-intensity,calibration,point-and-interval,FY2019,FY2020,1,revenue,USD bn,5.806424,5.7,5.13,6.2700000000000005,True,80%,process-control-content-intensity,False,v6,True,,,0.018328664940762098,-0.018328664940762098,0.19633426701184767,2018-2020
KLA@FY2019,KLA,process-control-content-intensity,calibration,point-and-interval,FY2019,FY2021,2,profit,USD bn,2.078292,1.9,1.4309999999999998,2.3689999999999998,True,80%,process-control-content-intensity,False,v6,True,1.6804079362478852,-1.6804079362478852,,,0.13557393592527187,2018-2020
KLA@FY2019,KLA,process-control-content-intensity,calibration,point-and-interval,FY2019,FY2021,2,revenue,USD bn,6.918734,6.7,5.494000000000001,7.906,True,80%,process-control-content-intensity,False,v6,True,,,0.03161474339091509,-0.03161474339091509,0.3486186923792704,2018-2020
KLA@FY2019,KLA,process-control-content-intensity,calibration,point-and-interval,FY2019,FY2022,3,profit,USD bn,3.321807,2.8,1.9599999999999997,3.6399999999999997,True,80%,process-control-content-intensity,False,v6,True,2.72668827137007,-2.72668827137007,,,0.18237313695799218,2018-2020
KLA@FY2019,KLA,process-control-content-intensity,calibration,point-and-interval,FY2019,FY2022,3,revenue,USD bn,9.211883,8.4,6.300000000000001,10.5,True,80%,process-control-content-intensity,False,v6,True,,,0.08813431521003902,-0.08813431521003902,0.4559328423949804,2018-2020
KLA@FY2020,KLA,process-control,calibration,point-and-interval,FY2020,FY2021,1,profit,USD bn,2.078292,1.9,1.6989999999999998,2.101,True,80%,process-control,False,v62,True,1.6804079362478852,-1.6804079362478852,,,0.05810311539654511,2018-2020
KLA@FY2020,KLA,process-control,calibration,point-and-interval,FY2020,FY2021,1,revenue,USD bn,6.918734,6.7,6.164000000000001,7.236000000000001,True,80%,process-control,False,v62,True,,,0.03161474339091509,-0.03161474339091509,0.1549416410574536,2018-2020
KLA@FY2020,KLA,process-control,calibration,point-and-interval,FY2020,FY2022,2,profit,USD bn,3.321807,2.9,2.4749999999999996,3.325,True,80%,process-control,False,v62,True,1.9423745458798714,-1.9423745458798714,,,0.09227212286565087,2018-2020
KLA@FY2020,KLA,process-control,calibration,point-and-interval,FY2020,FY2022,2,revenue,USD bn,9.211883,8.5,7.31,9.690000000000001,True,80%,process-control,False,v62,True,,,0.07727877134349191,-0.07727877134349191,0.25836194402382245,2018-2020
KLA@FY2020,KLA,process-control,calibration,point-and-interval,FY2020,FY2023,3,profit,USD bn,3.387277,3.1,2.365,3.835,True,80%,process-control,False,v62,True,0.6392498325862972,-0.6392498325862972,,,0.14005260642664252,2018-2020
KLA@FY2020,KLA,process-control,calibration,point-and-interval,FY2020,FY2023,3,revenue,USD bn,10.496056,9.8,7.840000000000001,11.76,True,80%,process-control,False,v62,True,,,0.06631595715571627,-0.06631595715571627,0.3734736171377134,2018-2020
KLA@FY2021,KLA,process-control,holdout,point-and-interval,FY2021,FY2022,1,profit,USD bn,3.321807,3.0,2.7359999999999998,3.2640000000000002,True,80%,process-control,False,v62,False,1.9691125137943133,-1.9691125137943133,,,0.12006991404471809,2021+
KLA@FY2021,KLA,process-control,holdout,point-and-interval,FY2021,FY2022,1,revenue,USD bn,9.211883,8.8,8.096000000000002,9.504000000000001,True,80%,process-control,False,v62,True,,,0.04471213974385037,-0.04471213974385037,0.15284605764098388,2021+
KLA@FY2021,KLA,process-control,holdout,point-and-interval,FY2021,FY2023,2,profit,USD bn,3.387277,3.2,2.7,3.7,True,80%,process-control,False,v62,True,0.2719028938107826,-0.2719028938107826,,,0.09527388192288609,2021+
KLA@FY2021,KLA,process-control,holdout,point-and-interval,FY2021,FY2023,2,revenue,USD bn,10.496056,10.0,8.6,11.400000000000002,True,80%,process-control,False,v62,True,,,0.047261180771139125,-0.047261180771139125,0.2667668693840813,2021+
KLA@FY2021,KLA,process-control,holdout,point-and-interval,FY2021,FY2024,3,profit,USD bn,2.761896,2.65,1.9375,3.3625,True,80%,process-control,False,v62,True,0.25269972364772575,-0.25269972364772575,,,0.14522667437947698,2021+
KLA@FY2021,KLA,process-control,holdout,point-and-interval,FY2021,FY2024,3,revenue,USD bn,9.812247,9.5,7.6000000000000005,11.4,True,80%,process-control,False,v62,True,,,0.031822170803486635,-0.031822170803486635,0.38727113167860533,2021+
KLA@FY2022,KLA,process-control,holdout,point-and-interval,FY2022,FY2023,1,profit,USD bn,3.387277,3.2,2.894,3.5060000000000002,True,80%,process-control,False,v62,True,0.899353874202935,-0.899353874202935,,,0.0583076157368063,2021+
KLA@FY2022,KLA,process-control,holdout,point-and-interval,FY2022,FY2023,1,revenue,USD bn,10.496056,10.2,9.384,11.016,True,80%,process-control,False,v62,True,,,0.028206404386561974,-0.028206404386561974,0.15548697529815006,2021+
KLA@FY2022,KLA,process-control,holdout,point-and-interval,FY2022,FY2024,2,profit,USD bn,2.761896,2.65,2.175,3.125,True,80%,process-control,False,v62,True,0.25269972364772575,-0.25269972364772575,,,0.09681778291965136,2021+
KLA@FY2022,KLA,process-control,holdout,point-and-interval,FY2022,FY2024,2,revenue,USD bn,9.812247,9.5,8.17,10.830000000000002,True,80%,process-control,False,v62,True,,,0.031822170803486635,-0.031822170803486635,0.27108979217502394,2021+
KLA@FY2022,KLA,process-control,holdout,point-and-interval,FY2022,FY2025,3,profit,USD bn,4.061643,3.75,2.8875,4.6125,True,80%,process-control,False,v62,True,0.8035194861238493,-0.8035194861238493,,,0.14190334087354212,2021+
KLA@FY2022,KLA,process-control,holdout,point-and-interval,FY2022,FY2025,3,revenue,USD bn,12.156162,11.5,9.200000000000001,13.799999999999999,True,80%,process-control,False,v62,True,,,0.05397772750971895,-0.05397772750971895,0.37840890899611224,2021+
LRCX@FY2020,Lam Research,wafer-fab-equipment,calibration,point-and-interval,FY2020,FY2021,1,profit,USD bn,4.482023,4.05,3.5669999999999997,4.5329999999999995,True,80%,wafer-fab-equipment,False,v62,True,1.2960754182242684,-1.2960754182242684,,,0.06604608868362485,2018-2020
LRCX@FY2020,Lam Research,wafer-fab-equipment,calibration,point-and-interval,FY2020,FY2021,1,revenue,USD bn,14.62615,13.8,12.696000000000002,14.904000000000002,True,80%,wafer-fab-equipment,False,v62,True,,,0.056484447376787476,-0.056484447376787476,0.15096248841971402,2018-2020
LRCX@FY2020,Lam Research,wafer-fab-equipment,calibration,point-and-interval,FY2020,FY2022,2,profit,USD bn,5.381822,4.8,3.84,5.76,True,80%,wafer-fab-equipment,False,v62,True,1.2405515538683076,-1.2405515538683076,,,0.11145269944533125,2018-2020
LRCX@FY2020,Lam Research,wafer-fab-equipment,calibration,point-and-interval,FY2020,FY2022,2,revenue,USD bn,17.227039,16.0,13.6,18.4,True,80%,wafer-fab-equipment,False,v62,True,,,0.07122750462223956,-0.07122750462223956,0.27863174861332807,2018-2020
LRCX@FY2020,Lam Research,wafer-fab-equipment,calibration,point-and-interval,FY2020,FY2023,3,profit,USD bn,5.17486,5.0,3.5549999999999997,6.445,True,80%,wafer-fab-equipment,False,v62,True,0.2801493962706958,-0.2801493962706958,,,0.16582019949374927,2018-2020
LRCX@FY2020,Lam Research,wafer-fab-equipment,calibration,point-and-interval,FY2020,FY2023,3,revenue,USD bn,17.428516,17.0,13.26,20.74,True,80%,wafer-fab-equipment,False,v62,True,,,0.024587061801475144,-0.024587061801475144,0.42918169280735086,2018-2020
LRCX@FY2021,Lam Research,wafer-fab-equipment,holdout,point-and-interval,FY2021,FY2022,1,profit,USD bn,5.381822,5.2,4.6085,5.7915,True,80%,wafer-fab-equipment,False,v62,True,0.4713207846375356,-0.4713207846375356,,,0.06867111637699315,2021+
LRCX@FY2021,Lam Research,wafer-fab-equipment,holdout,point-and-interval,FY2021,FY2022,1,revenue,USD bn,17.227039,16.9,15.548,18.252,True,80%,wafer-fab-equipment,False,v62,True,,,0.018984051757240623,-0.018984051757240623,0.15696255171884144,2021+
LRCX@FY2021,Lam Research,wafer-fab-equipment,holdout,point-and-interval,FY2021,FY2023,2,profit,USD bn,5.17486,5.05,4.012,6.088,True,80%,wafer-fab-equipment,False,v62,True,0.5011626570663452,-0.5011626570663452,,,0.11911513292353754,2021+
LRCX@FY2021,Lam Research,wafer-fab-equipment,holdout,point-and-interval,FY2021,FY2023,2,revenue,USD bn,17.428516,17.3,14.705,19.895,True,80%,wafer-fab-equipment,False,v62,True,,,0.007373892303854077,-0.007373892303854077,0.29778783230884376,2021+
LRCX@FY2021,Lam Research,wafer-fab-equipment,holdout,point-and-interval,FY2021,FY2024,3,profit,USD bn,4.263913,4.4,3.0825000000000005,5.7175,True,80%,wafer-fab-equipment,False,v62,True,0.21942841072953856,-0.21942841072953856,,,0.17678173513923087,2021+
LRCX@FY2021,Lam Research,wafer-fab-equipment,holdout,point-and-interval,FY2021,FY2024,3,revenue,USD bn,14.905386,15.5,12.09,18.91,True,80%,wafer-fab-equipment,False,v62,True,,,0.03989255964253458,0.03989255964253458,0.45755272624271526,2021+
LRCX@FY2022,Lam Research,wafer-fab-equipment,holdout,point-and-interval,FY2022,FY2023,1,profit,USD bn,5.17486,5.0,4.405,5.595,True,80%,wafer-fab-equipment,False,v62,True,0.2801493962706958,-0.2801493962706958,,,0.06827890567389672,2021+
LRCX@FY2022,Lam Research,wafer-fab-equipment,holdout,point-and-interval,FY2022,FY2023,1,revenue,USD bn,17.428516,17.0,15.64,18.36,True,80%,wafer-fab-equipment,False,v62,True,,,0.024587061801475144,-0.024587061801475144,0.1560660701117639,2021+
LRCX@FY2022,Lam Research,wafer-fab-equipment,holdout,point-and-interval,FY2022,FY2024,2,profit,USD bn,4.263913,4.5,3.552,5.448,True,80%,wafer-fab-equipment,False,v62,True,0.12551252669524282,-0.12551252669524282,,,0.12720234148917717,2021+
LRCX@FY2022,Lam Research,wafer-fab-equipment,holdout,point-and-interval,FY2022,FY2024,2,revenue,USD bn,14.905386,15.8,13.43,18.169999999999998,True,80%,wafer-fab-equipment,False,v62,True,,,0.060019512409809496,0.060019512409809496,0.3180058537229427,2021+
LRCX@FY2022,Lam Research,wafer-fab-equipment,holdout,point-and-interval,FY2022,FY2025,3,profit,USD bn,5.900968,5.4,3.9125000000000005,6.8875,True,80%,wafer-fab-equipment,False,v62,True,1.1514214465455863,-1.1514214465455863,,,0.1613726405624859,2021+
LRCX@FY2022,Lam Research,wafer-fab-equipment,holdout,point-and-interval,FY2022,FY2025,3,revenue,USD bn,18.435591,17.5,13.65,21.349999999999998,True,80%,wafer-fab-equipment,False,v62,True,,,0.05074917316184758,-0.05074917316184758,0.4176703638087869,2021+
MRVL@FY2021,Marvell Technology,optical-interconnect-custom-silicon,calibration,point-and-interval,FY2021,FY2022,1,profit,USD bn,-0.347668,-0.4,-0.661,-0.13900000000000007,True,80%,networking-optics,False,v63,True,1.4043184765968608,-1.4043184765968608,,,0.11697785689843297,2021+
MRVL@FY2021,Marvell Technology,optical-interconnect-custom-silicon,calibration,point-and-interval,FY2021,FY2022,1,revenue,USD bn,4.462383,4.35,3.9149999999999996,4.785,True,80%,networking-optics,False,v63,True,,,0.025184525846392015,-0.025184525846392015,0.19496309483072174,2021+
MRVL@FY2021,Marvell Technology,optical-interconnect-custom-silicon,calibration,point-and-interval,FY2021,FY2023,2,profit,USD bn,0.238,0.15,-0.3494999999999999,0.6495,True,80%,networking-optics,False,v63,True,1.31783922580598,-1.31783922580598,,,0.1687614027974863,2021+
MRVL@FY2021,Marvell Technology,optical-interconnect-custom-silicon,calibration,point-and-interval,FY2021,FY2023,2,revenue,USD bn,5.9196,5.55,4.662,6.438,True,80%,networking-optics,False,v63,True,,,0.06243665112507604,-0.06243665112507604,0.30002027163997563,2021+
MRVL@FY2021,Marvell Technology,optical-interconnect-custom-silicon,calibration,point-and-interval,FY2021,FY2024,3,profit,USD bn,-0.5677,-0.45,-1.104,0.20400000000000001,True,80%,networking-optics,False,v63,True,2.0505071048988466,2.0505071048988466,,,0.237485701835612,2021+
MRVL@FY2021,Marvell Technology,optical-interconnect-custom-silicon,calibration,point-and-interval,FY2021,FY2024,3,revenue,USD bn,5.5077,5.45,4.251,6.649,True,80%,networking-optics,False,v63,True,,,0.010476242351616762,-0.010476242351616762,0.43539045336528853,2021+
MRVL@FY2022,Marvell Technology,optical-interconnect-custom-silicon,holdout,point-and-interval,FY2022,FY2023,1,profit,USD bn,0.238,0.15,-0.13999999999999999,0.43999999999999995,True,80%,networking-optics,False,v63,True,1.4343350319569588,-1.4343350319569588,,,0.09797959321575782,2021+
MRVL@FY2022,Marvell Technology,optical-interconnect-custom-silicon,holdout,point-and-interval,FY2022,FY2023,1,revenue,USD bn,5.9196,5.8,5.336,6.264,True,80%,networking-optics,False,v63,True,,,0.020204067842421812,-0.020204067842421812,0.1567673491452125,2021+
MRVL@FY2022,Marvell Technology,optical-interconnect-custom-silicon,holdout,point-and-interval,FY2022,FY2024,2,profit,USD bn,-0.5677,-0.5,-0.9359999999999999,-0.064,True,80%,networking-optics,False,v63,True,1.1330759122382974,1.1330759122382974,,,0.1583238012237413,2021+
MRVL@FY2022,Marvell Technology,optical-interconnect-custom-silicon,holdout,point-and-interval,FY2022,FY2024,2,revenue,USD bn,5.5077,5.45,4.687,6.213000000000001,True,80%,networking-optics,False,v63,True,,,0.010476242351616762,-0.010476242351616762,0.2770666521415474,2021+
MRVL@FY2022,Marvell Technology,optical-interconnect-custom-silicon,holdout,point-and-interval,FY2022,FY2025,3,profit,USD bn,-0.7203,-0.6,-1.18,-0.020000000000000018,True,80%,networking-optics,False,v63,True,2.14455219289251,2.14455219289251,,,0.20113397950514106,2021+
MRVL@FY2022,Marvell Technology,optical-interconnect-custom-silicon,holdout,point-and-interval,FY2022,FY2025,3,revenue,USD bn,5.7673,5.8,4.64,6.96,True,80%,networking-optics,False,v63,True,,,0.0056698975257053,0.0056698975257053,0.4022679590102822,2021+
MRVL@FY2023,Marvell Technology,optical-interconnect-custom-silicon,holdout,point-and-interval-with-regime-tail,FY2023,FY2024,1,profit,USD bn,-0.5677,-0.5,-0.9359999999999999,-0.064,True,80%,networking-optics,False,v63,True,1.1330759122382974,1.1330759122382974,,,0.1583238012237413,2021+
MRVL@FY2023,Marvell Technology,optical-interconnect-custom-silicon,holdout,point-and-interval-with-regime-tail,FY2023,FY2024,1,revenue,USD bn,5.5077,5.45,4.905,5.995000000000001,True,80%,networking-optics,False,v63,True,,,0.010476242351616762,-0.010476242351616762,0.19790475152967676,2021+
MRVL@FY2023,Marvell Technology,optical-interconnect-custom-silicon,holdout,point-and-interval-with-regime-tail,FY2023,FY2025,2,profit,USD bn,-0.7203,-0.5,-1.326,0.3260000000000002,True,80%,networking-optics,False,v63,True,4.014803507912966,4.014803507912966,,,0.28644252943318366,2021+
MRVL@FY2023,Marvell Technology,optical-interconnect-custom-silicon,holdout,point-and-interval-with-regime-tail,FY2023,FY2025,2,revenue,USD bn,5.7673,5.9,4.720000000000001,7.08,True,80%,networking-optics,False,v63,True,,,0.023009033689941692,0.023009033689941692,0.40920361347597656,2021+
MRVL@FY2023,Marvell Technology,optical-interconnect-custom-silicon,holdout,point-and-interval-with-regime-tail,FY2023,FY2026,3,profit,USD bn,1.3229,0.9,-0.6,2.4,True,90%,networking-optics,False,v63,True,4.143557952798184,-4.143557952798184,,,0.36609474532008884,2021+
MRVL@FY2023,Marvell Technology,optical-interconnect-custom-silicon,holdout,point-and-interval-with-regime-tail,FY2023,FY2026,3,revenue,USD bn,8.1946,7.5,5.25,9.75,True,90%,networking-optics,False,v63,True,,,0.08476313669977784,-0.08476313669977784,0.5491421179801333,2021+
MU@FY2018,Micron,memory-cycle,calibration,point-and-interval,2018-10-15,FY2019,1,profit,USD bn,6.313,7.2,5.2,9.2,True,80%,memory-cycle,False,v74-enhanced,True,1.828283346150561,1.828283346150561,,,0.17089635136289838,2018-2020
MU@FY2018,Micron,memory-cycle,calibration,point-and-interval,2018-10-15,FY2019,1,revenue,USD bn,23.406,25.0,22.5,27.500000000000004,True,80%,memory-cycle,False,v74-enhanced,True,,,0.06810219601811507,0.06810219601811507,0.21362043920362317,2018-2020
MU@FY2018,Micron,memory-cycle,calibration,point-and-interval,2018-10-15,FY2020,2,profit,USD bn,2.687,3.5,0.34999999999999964,6.65,True,80%,memory-cycle,False,v74-enhanced,True,3.019982894020684,3.019982894020684,,,0.29391182645206443,2018-2020
MU@FY2018,Micron,memory-cycle,calibration,point-and-interval,2018-10-15,FY2020,2,revenue,USD bn,21.435,22.5,18.9,26.099999999999998,True,80%,memory-cycle,False,v74-enhanced,True,,,0.049685094471658565,0.049685094471658565,0.3358992302309307,2018-2020
MU@FY2018,Micron,memory-cycle,calibration,point-and-interval,2018-10-15,FY2021,3,profit,USD bn,5.861,5.2,0.5200000000000005,9.879999999999999,True,80%,memory-cycle,False,v74-enhanced,True,1.155026168561632,-1.155026168561632,,,0.3378451543042772,2018-2020
MU@FY2018,Micron,memory-cycle,calibration,point-and-interval,2018-10-15,FY2021,3,revenue,USD bn,27.705,26.0,20.28,31.72,True,80%,memory-cycle,False,v74-enhanced,True,,,0.06154123804367437,-0.06154123804367437,0.4129218552607832,2018-2020
MU@FY2020,Micron,memory-cycle,holdout,point-and-interval-with-cycle-tail,2020-09-29,FY2021,1,profit,USD bn,5.861,5.3,3.4239999999999995,7.176,True,80%,memory-cycle,False,v74-enhanced,True,1.3789067655765597,-1.3789067655765597,,,0.13542681826385133,2018-2020
MU@FY2020,Micron,memory-cycle,holdout,point-and-interval-with-cycle-tail,2020-09-29,FY2021,1,revenue,USD bn,27.705,26.8,24.12,29.480000000000004,True,80%,memory-cycle,False,v74-enhanced,True,,,0.032665583829633554,-0.032665583829633554,0.19346688323407338,2018-2020
MU@FY2020,Micron,memory-cycle,holdout,point-and-interval-with-cycle-tail,2020-09-29,FY2022,2,profit,USD bn,8.687,7.8,3.33,12.27,True,80%,memory-cycle,False,v74-enhanced,True,2.068562072136193,-2.068562072136193,,,0.29065608947265753,2018-2020
MU@FY2020,Micron,memory-cycle,holdout,point-and-interval-with-cycle-tail,2020-09-29,FY2022,2,revenue,USD bn,30.758,29.8,22.648,36.952,True,80%,memory-cycle,False,v74-enhanced,True,,,0.031146368424474883,-0.031146368424474883,0.46504974315625197,2018-2020
MU@FY2020,Micron,memory-cycle,holdout,point-and-interval-with-cycle-tail,2020-09-29,FY2023,3,profit,USD bn,-5.833,-1.5,-6.01,3.01,True,90%,memory-cycle,False,v74-enhanced,True,30.21831936466083,30.21831936466083,,,0.5804375804375804,2018-2020
MU@FY2020,Micron,memory-cycle,holdout,point-and-interval-with-cycle-tail,2020-09-29,FY2023,3,revenue,USD bn,15.54,20.5,12.299999999999999,28.7,True,90%,memory-cycle,False,v74-enhanced,True,,,0.3191763191763192,0.3191763191763192,1.0553410553410554,2018-2020
NVDA@FY2018,NVIDIA,compute-platforms,calibration,point-and-interval,FY2018,FY2019,1,profit,USD bn,3.804,3.7,3.2975000000000003,4.1025,True,80%,compute-platform,True,v72,True,0.29450621224041407,-0.29450621224041407,,,0.06870945715261179,2018-2020
NVDA@FY2018,NVIDIA,compute-platforms,calibration,point-and-interval,FY2018,FY2019,1,revenue,USD bn,11.716,11.5,10.58,12.420000000000002,True,80%,compute-platform,True,v72,True,,,0.018436326391259757,-0.018436326391259757,0.15705018777739857,2018-2020
NVDA@FY2018,NVIDIA,compute-platforms,calibration,point-and-interval,FY2018,FY2020,2,profit,USD bn,2.846,2.6,2.0225,3.1775,True,80%,compute-platform,True,v72,True,1.3051404844773629,-1.3051404844773629,,,0.10578860597178974,2018-2020
NVDA@FY2018,NVIDIA,compute-platforms,calibration,point-and-interval,FY2018,FY2020,2,revenue,USD bn,10.918,10.5,9.03,11.97,True,80%,compute-platform,True,v72,True,,,0.03828540025645716,-0.03828540025645716,0.26928008792819214,2018-2020
NVDA@FY2018,NVIDIA,compute-platforms,calibration,point-and-interval,FY2018,FY2021,3,profit,USD bn,4.532,4.2,3.0375000000000005,5.3625,True,80%,compute-platform,True,v72,True,0.08163660105430792,-0.08163660105430792,,,0.13943028485757117,2018-2020
NVDA@FY2018,NVIDIA,compute-platforms,calibration,point-and-interval,FY2018,FY2021,3,revenue,USD bn,16.675,15.5,12.4,18.599999999999998,True,80%,compute-platform,True,v72,True,,,0.07046476761619194,-0.07046476761619194,0.3718140929535231,2018-2020
NVDA@FY2020,NVIDIA,compute-platforms,holdout,point-and-interval,FY2020,FY2021,1,profit,USD bn,4.532,4.3,3.7399999999999998,4.859999999999999,True,80%,compute-platform,True,v72,True,0.3034107946026987,-0.3034107946026987,,,0.06716641679160418,2018-2020
NVDA@FY2020,NVIDIA,compute-platforms,holdout,point-and-interval,FY2020,FY2021,1,revenue,USD bn,16.675,16.0,14.72,17.28,True,80%,compute-platform,True,v72,True,,,0.04047976011994007,-0.04047976011994007,0.1535232383808096,2018-2020
NVDA@FY2020,NVIDIA,compute-platforms,holdout,point-and-interval,FY2020,FY2022,2,profit,USD bn,10.041,9.2,7.824999999999999,10.575,True,80%,compute-platform,True,v72,True,0.5077208887567797,-0.5077208887567797,,,0.10217730549156573,2018-2020
NVDA@FY2020,NVIDIA,compute-platforms,holdout,point-and-interval,FY2020,FY2022,2,revenue,USD bn,26.914,25.0,21.5,28.500000000000004,True,80%,compute-platform,True,v72,True,,,0.0711154046221298,-0.0711154046221298,0.2600876867058038,2018-2020
NVDA@FY2020,NVIDIA,compute-platforms,holdout,point-and-interval,FY2020,FY2023,3,profit,USD bn,4.224,5.0,2.8,7.2,True,80%,compute-platform,True,v72,True,2.5222941957575298,2.5222941957575298,,,0.16312004152146511,2018-2020
NVDA@FY2020,NVIDIA,compute-platforms,holdout,point-and-interval,FY2020,FY2023,3,revenue,USD bn,26.974,27.5,22.0,33.0,True,80%,compute-platform,True,v72,True,,,0.01950025950915696,0.01950025950915696,0.4078001038036628,2018-2020
NVDA@FY2021,NVIDIA,compute-platforms,holdout,point-and-interval-with-ai-tail,FY2021,FY2022,1,profit,USD bn,10.041,9.5,8.46,10.54,True,80%,compute-platform,True,v72,True,0.7692593502952427,-0.7692593502952427,,,0.07728319833543874,2021+
NVDA@FY2021,NVIDIA,compute-platforms,holdout,point-and-interval-with-ai-tail,FY2021,FY2022,1,revenue,USD bn,26.914,26.0,23.92,28.080000000000002,True,80%,compute-platform,True,v72,True,,,0.03396002080701499,-0.03396002080701499,0.1545663966708776,2021+
NVDA@FY2021,NVIDIA,compute-platforms,holdout,point-and-interval-with-ai-tail,FY2021,FY2023,2,profit,USD bn,4.224,5.5,3.34,7.66,True,80%,compute-platform,True,v72,True,4.710846384309717,4.710846384309717,,,0.1601542225847112,2021+
NVDA@FY2021,NVIDIA,compute-platforms,holdout,point-and-interval-with-ai-tail,FY2021,FY2023,2,revenue,USD bn,26.974,27.0,22.68,31.319999999999997,True,80%,compute-platform,True,v72,True,,,0.0009638911544450138,0.0009638911544450138,0.3203084451694223,2021+
NFLX@FY2014,Netflix,subscriber-content-economics,calibration,point-and-interval,FY2014,FY2015,1,profit,USD bn,0.305826,0.32,0.185,0.455,True,80%,subscription-content,True,v72,True,0.22970742285099918,0.22970742285099918,,,0.0398258812471873,<=2017
NFLX@FY2014,Netflix,subscriber-content-economics,calibration,point-and-interval,FY2014,FY2015,1,revenue,USD bn,6.779511,6.75,6.21,7.290000000000001,True,80%,subscription-content,True,v72,True,,,0.004352968820317614,-0.004352968820317614,0.15930352498874933,<=2017
NFLX@FY2014,Netflix,subscriber-content-economics,calibration,point-and-interval,FY2014,FY2016,2,profit,USD bn,0.379793,0.42,0.16199999999999998,0.6779999999999999,True,80%,subscription-content,True,v72,True,0.5828803030954753,0.5828803030954753,,,0.05843271897066915,<=2017
NFLX@FY2014,Netflix,subscriber-content-economics,calibration,point-and-interval,FY2014,FY2016,2,revenue,USD bn,8.830669,8.6,7.568,9.632,True,80%,subscription-content,True,v72,True,,,0.026121350488847523,-0.026121350488847523,0.2337308758826766,<=2017
NFLX@FY2014,Netflix,subscriber-content-economics,calibration,point-and-interval,FY2014,FY2017,3,profit,USD bn,0.838679,0.78,0.328,1.232,True,80%,subscription-content,True,v72,True,0.2700089961256244,-0.2700089961256244,,,0.07731310945543604,<=2017
NFLX@FY2014,Netflix,subscriber-content-economics,calibration,point-and-interval,FY2014,FY2017,3,revenue,USD bn,11.692713,11.3,9.266000000000002,13.334,True,80%,subscription-content,True,v72,True,,,0.033586131807049294,-0.033586131807049294,0.34790899254946206,<=2017
NFLX@FY2016,Netflix,subscriber-content-economics,holdout,point-and-interval,FY2016,FY2017,1,profit,USD bn,0.838679,0.78,0.55,1.01,True,80%,subscription-content,True,v72,True,0.390055167730087,-0.390055167730087,,,0.03934074153705817,<=2017
NFLX@FY2016,Netflix,subscriber-content-economics,holdout,point-and-interval,FY2016,FY2017,1,revenue,USD bn,11.692713,11.5,10.58,12.420000000000002,True,80%,subscription-content,True,v72,True,,,0.016481461573545804,-0.016481461573545804,0.1573629661482328,<=2017
NFLX@FY2016,Netflix,subscriber-content-economics,holdout,point-and-interval,FY2016,FY2018,2,profit,USD bn,1.605226,1.45,1.075,1.825,True,80%,subscription-content,True,v72,True,0.49663169443621286,-0.49663169443621286,,,0.047485362004024104,<=2017
NFLX@FY2016,Netflix,subscriber-content-economics,holdout,point-and-interval,FY2016,FY2018,2,revenue,USD bn,15.794341,15.0,13.2,16.8,True,80%,subscription-content,True,v72,True,,,0.05029275991951797,-0.05029275991951797,0.2279297376193158,<=2017
NFLX@FY2016,Netflix,subscriber-content-economics,holdout,point-and-interval,FY2016,FY2019,3,profit,USD bn,2.604254,2.35,1.678,3.0220000000000002,True,80%,subscription-content,True,v72,True,0.6806203116840631,-0.6806203116840631,,,0.0666784180763604,<=2017
NFLX@FY2016,Netflix,subscriber-content-economics,holdout,point-and-interval,FY2016,FY2019,3,revenue,USD bn,20.156447,19.2,15.744,22.656,True,80%,subscription-content,True,v72,True,,,0.04745117033770886,-0.04745117033770886,0.34291757867842476,<=2017
NFLX@FY2018,Netflix,subscriber-content-economics,holdout,point-and-interval-with-exogenous-tail,FY2018,FY2019,1,profit,USD bn,2.604254,2.45,2.0540000000000003,2.846,True,80%,subscription-content,True,v72,True,0.546466271280023,-0.546466271280023,,,0.0392926392235695,2018-2020
NFLX@FY2018,Netflix,subscriber-content-economics,holdout,point-and-interval-with-exogenous-tail,FY2018,FY2019,1,revenue,USD bn,20.156447,19.8,18.216,21.384000000000004,True,80%,subscription-content,True,v72,True,,,0.01768401941076219,-0.01768401941076219,0.1571705568942782,2018-2020
SMCI@FY2020,Super Micro Computer,server-rack-bom-pass-through,holdout,point-and-interval,FY2020,FY2021,1,profit,USD bn,0.1119,0.11,-0.03199999999999999,0.252,True,80%,server-rack-bom-pass-through,False,v6,True,0.04694474074797075,-0.04694474074797075,,,0.07983309261594491,2018-2020
SMCI@FY2020,Super Micro Computer,server-rack-bom-pass-through,holdout,point-and-interval,FY2020,FY2021,1,revenue,USD bn,3.557422,3.55,3.1239999999999997,3.976,True,80%,server-rack-bom-pass-through,False,v6,True,,,0.0020863423006885437,-0.0020863423006885437,0.23949927784783484,2018-2020
SMCI@FY2020,Super Micro Computer,server-rack-bom-pass-through,holdout,point-and-interval,FY2020,FY2022,2,profit,USD bn,0.285163,0.26,-0.14,0.66,True,80%,server-rack-bom-pass-through,False,v6,True,0.2880209172304061,-0.2880209172304061,,,0.15396165469518575,2018-2020
SMCI@FY2020,Super Micro Computer,server-rack-bom-pass-through,holdout,point-and-interval,FY2020,FY2022,2,revenue,USD bn,5.196099,5.0,3.75,6.25,True,80%,server-rack-bom-pass-through,False,v6,True,,,0.03773965815508908,-0.03773965815508908,0.48113017092245547,2018-2020
SMCI@FY2020,Super Micro Computer,server-rack-bom-pass-through,holdout,point-and-interval,FY2020,FY2023,3,profit,USD bn,0.639998,0.52,-0.2839999999999999,1.3239999999999998,True,80%,server-rack-bom-pass-through,False,v6,True,1.2231481780750966,-1.2231481780750966,,,0.22573230338758485,2018-2020
SMCI@FY2020,Super Micro Computer,server-rack-bom-pass-through,holdout,point-and-interval,FY2020,FY2023,3,revenue,USD bn,7.123482,6.7,4.355,9.045000000000002,True,80%,server-rack-bom-pass-through,False,v6,True,,,0.059448735885062935,-0.059448735885062935,0.6583858848804561,2018-2020
VRT@FY2020,Vertiv,power-cooling-project-backlog,calibration,point-and-interval,FY2020,FY2021,1,profit,USD bn,1.5227,1.52,1.27,1.77,True,80%,power-cooling-project-backlog,False,v6,True,0.06557691922930431,-0.06557691922930431,,,0.10003801444548929,2018-2020
VRT@FY2020,Vertiv,power-cooling-project-backlog,calibration,point-and-interval,FY2020,FY2021,1,revenue,USD bn,4.9981,5.0,4.5,5.5,True,80%,power-cooling-project-backlog,False,v6,True,,,0.00038014445489286183,0.00038014445489286183,0.20007602889097859,2018-2020
VRT@FY2020,Vertiv,power-cooling-project-backlog,calibration,point-and-interval,FY2020,FY2022,2,profit,USD bn,1.6161,1.65,1.0799999999999998,2.2199999999999998,True,80%,power-cooling-project-backlog,False,v6,True,0.552393458389,0.552393458389,,,0.20029869103048406,2018-2020
VRT@FY2020,Vertiv,power-cooling-project-backlog,calibration,point-and-interval,FY2020,FY2022,2,revenue,USD bn,5.6915,5.7,4.5600000000000005,6.84,True,80%,power-cooling-project-backlog,False,v6,True,,,0.0014934551524203846,0.0014934551524203846,0.400597382060968,2018-2020
VRT@FY2020,Vertiv,power-cooling-project-backlog,calibration,point-and-interval,FY2020,FY2023,3,profit,USD bn,2.4005,2.2,1.2100000000000004,3.19,True,80%,power-cooling-project-backlog,False,v6,True,1.6430625169988722,-1.6430625169988722,,,0.2884951626063643,2018-2020
VRT@FY2020,Vertiv,power-cooling-project-backlog,calibration,point-and-interval,FY2020,FY2023,3,revenue,USD bn,6.8632,6.6,4.619999999999999,8.58,True,80%,power-cooling-project-backlog,False,v6,True,,,0.03834945797878545,-0.03834945797878545,0.5769903252127289,2018-2020
